,SNP,CHR,BP,A1,A2,P,cell_type,accessibility,nearest_gene,nearest_gene_distance_bps
1,rs4328688,20,38723915,A,C,5.91E-11,LAMP5,1.845186996,SLC32A1,570
2,rs4328688,20,38723915,A,C,5.91E-11,PVALB,2.22304325,SLC32A1,570
3,rs4328688,20,38723915,A,C,5.91E-11,SST,1.723649836,SLC32A1,570
4,rs4328688,20,38723915,A,C,5.91E-11,VIP,1.615880705,SLC32A1,570
5,rs2387414,19,50530986,G,C,3.78E-10,Oligo,1.439893768,LRRC4B,0
6,rs72986630,19,11738921,C,T,5.53E-10,Micro.PVM,1.028799527,ZNF823,0
7,rs2944821,7,72331013,G,C,6.31E-10,Astro,2.064780293,CALN1,0
8,rs11862968,16,68381072,C,G,2.80E-09,L2.3.IT,1.28867021,SMPD3,0
9,rs356183,4,89704947,G,C,2.83E-09,L2.3.IT,1.446488474,SNCA,0
10,rs758749,19,56678350,C,T,5.45E-09,VIP,3.004549328,ZIM2-AS1,0
11,rs4653164,1,36161941,C,T,6.45E-09,Oligo,2.007799051,MAP7D1,0
12,rs61973697,13,101370297,G,A,1.03E-08,L2.3.IT,1.402859607,NALCN,0
13,rs61928076,12,53336380,G,A,2.50E-08,LAMP5,2.533126398,SP7,27
14,rs61928076,12,53336380,G,A,2.50E-08,PVALB,1.829359734,SP8,27
15,rs56335113,1,29954792,A,G,1.46E-15,L2.3.IT,1.218505067,LINC01648,60000
16,rs56335113,1,29954792,A,G,1.46E-15,L6.CT,1.188568115,LINC01649,60000
17,fake_adult,13,20231045,B,C,1,Astro,7.491853096,,
18,rs7238071,18,79819812,A,G,1.80E-13,Micro.PVM,3.461465261,KCNG2,0
19,rs893949,11,134426490,C,T,2.37E-13,Oligo,1.745827034,B3GAT1-DT,0
20,rs2278515,2,200417615,T,C,1.80E-11,SST,2.38947491,SPATS2L,0
